205.104795706042,18.5404518384209,29.2333936808786,True
163.359226837456,23.3141015722948,30.5980703428379,False
223.91077018525,20.6450294221961,18.6609604231366,True
222.691608696567,22.3158381871487,18.477659774701,True
275.535217037208,18.8215727125395,27.7264405268833,True
219.676987351699,23.36332019156,22.8093025012916,True
208.864402328089,27.8238426841906,22.4022977558907,False
208.665890399677,25.3263578570105,21.0336128748179,True
237.228920356011,32.2592253346272,29.844402857518,False
173.682912231275,18.5220617472763,24.2074976466631,True
250.260664983774,21.2252630862525,30.1814573170531,True
178.702829442314,19.7202173111589,19.0538148046722,True
212.4519415444,25.6027829584679,26.7044969870264,True
143.436873361206,23.0866769021781,30.2246780978631,False
272.80798433945,18.9848550222744,18.6317466197683,True
157.521723740511,21.1272665053267,31.9781284816461,False
166.02969844175,19.4632164321203,32.6572523562504,False
193.606176643449,26.2105184920181,32.9523899447883,False
222.395170406622,32.7677251066862,26.6920585011561,False
224.838557152468,29.7236961665208,19.6535137694578,True
192.365253545514,32.4283242032064,18.6863171889849,False
248.020296407873,29.7386840361816,18.5217597193652,True
271.713140342251,29.4342733176585,20.3968093760297,True
255.902053805023,27.9110949434857,23.3231479578294,True
147.177834057798,29.0298997983476,24.4618678164956,False
149.402244728712,25.1759011443592,29.677054290975,False
266.541557417503,20.9038336886577,27.5854608968764,True
200.385627970279,32.5472511996269,28.6590657661013,False
218.630479350048,18.4712123449292,26.1570439823703,True
254.314954455157,24.2202815996577,26.853247332784,True
216.026937056345,26.0449178596236,23.4911071669735,True
237.47010891208,32.3159788098726,19.8690564492108,True
207.140250376957,30.6522963110601,23.3188902373979,False
143.34062681689,27.9134846659906,27.6499173830496,False
275.124630776758,25.5121202215143,26.0991841936946,True
232.763693170978,25.7924825264106,27.9591003870401,True
158.901734426106,25.3787514853192,28.3206991545487,False
231.612271727814,30.0264032911632,21.0818033628547,True
262.959471038989,28.0669706194042,30.9723053532524,False
191.042639776619,23.1123806369083,30.7169982961924,True
190.287730689295,29.3820455741985,27.5541133124168,False
177.443219477983,28.1614041929885,28.7382074234719,False
278.294160188313,27.1661651242367,21.7465680873704,True
163.900138998358,27.6968433422487,32.4010522423317,False
161.903210991017,25.2682266692949,27.1959157605636,False
202.84063542394,29.5450092319143,19.3365897006991,True
141.658343040225,19.4295073232751,19.120426690262,False
242.270887457892,24.9422084591082,20.7719014709685,True
270.918910871688,26.946204944023,19.9149316460429,True
187.026882770949,19.7207238854471,25.5585078879066,True
274.359979440626,25.8831441248223,31.0687528746523,True
253.411131302552,25.2814184158488,20.9625223427836,True
191.618364970953,28.2962038457842,31.3692711351296,False
176.411908779485,29.0795039642041,23.7157967941443,False
161.347624892996,22.8711812029924,23.0017179176219,False
254.275153732987,22.0743793682542,32.0118033434319,True
243.555994370746,20.5373463786847,29.7717866584527,True
148.680227775443,23.6876902401856,31.4357962051573,False
235.018852965449,18.6789944650042,30.6803301939184,True
279.027071473667,23.694673029098,30.0498295580269,True
206.361939369869,19.0477152238822,18.1250249287696,True
155.050111280312,32.696237405155,31.9397182217518,False
153.422956892021,20.3601669223794,25.8407673038732,False
187.994255715978,18.9012336288119,25.2362953900529,True
207.416677674007,30.6502972201678,27.733226704287,False
186.779286892516,32.8603050992174,27.8575400374166,False
212.45001803732,22.0797205265051,18.2788826126041,True
243.349714290048,19.9679228900782,20.2214061916905,True
257.101203518501,21.7009424617053,21.2857986159091,True
168.512248326332,27.3413801627892,23.2112952527643,False
210.175761380315,27.0601573018637,24.692877126249,True
199.2528943714,19.5443302255796,23.893034742164,True
213.924031273426,32.3928121819127,25.4725037917832,False
249.264380237676,25.0136299226496,20.5159823114593,True
229.763947077917,32.0831859289125,25.9237247598002,False
240.832719449342,21.2221198655768,27.4537617659447,True
238.538791713556,31.9735509776387,18.554317329337,True
160.991521375716,24.6106606096079,32.0507676331563,False
268.048110356577,28.3102382669739,25.0527216033324,True
175.264087075025,18.763278594596,32.5465881561612,True
155.963921805827,29.1596258711813,27.5053208430788,False
237.480320743043,31.7508550140778,22.5800089461636,False
216.286789922177,29.1887806030869,31.4080249622502,False
205.469564295127,32.5268779781306,28.1860565227391,False
210.953230490421,30.2533902024168,19.473477530048,True
179.393799081162,23.572493539924,24.6984089448575,False
253.148791796131,31.3659857573761,30.537615775381,False
192.481399668605,28.6852360096226,26.3324148195481,False
205.230909318305,22.5955871462801,26.6324976541253,True
140.259011751161,31.1247490519307,29.9889416880854,False
261.380945882472,21.352998289444,22.5005482246636,True
247.009210077584,32.2698000065376,23.5403999311572,False
191.871181927561,23.2888544906345,25.1289468752821,True
256.00020390749,26.8819452020721,30.664202958189,False
197.653403672228,31.4195549895147,24.3252932677629,False
156.596729949395,23.6007302438844,21.9776254603535,False
158.184324045751,25.4813934706531,31.9461530437442,False
149.232555417918,20.9371435534848,25.466155526911,False
150.135010243456,28.7109310760679,21.044892150464,False
210.203463598249,20.7411061631241,20.0563027807774,True
194.562327663676,19.8600215678383,21.8881634030902,True
207.060392725775,29.8871607058156,30.4623819638334,False
208.265128074337,26.7911402731161,29.2971970561413,True
228.107654409533,25.8334596114389,30.9400998810027,False
244.720714969896,23.2414933989018,18.7208840598915,True
235.151297298796,20.5922062562742,24.2534573959436,True
158.970624794704,32.1077484745103,28.9100434793672,False
254.428848956911,31.4706002769389,25.4941299890606,True
279.233891740085,31.8284786668739,18.1006214088298,True
260.069169402155,32.8625515330874,29.3255692675363,False
164.701695006667,19.3356429577505,28.5867365913404,False
225.309695259346,29.5413077066379,29.749232312082,False
180.623315954871,19.3605495734888,22.4548279603267,True
168.055854108211,29.5751930100728,20.7893104184369,False
252.056463580605,32.1858490366423,20.4502622324276,True
228.901567435312,32.677367841209,24.8457047091078,False
165.678475958145,29.0156159317194,28.2322864626685,False
205.58658341206,21.7670919037271,29.0084768622222,True
212.256576266259,24.7918819104284,30.775030102476,True
277.119673545062,28.8909175618975,26.761127520707,True
263.622862651769,21.5288058307622,21.0933584450248,True
279.194991588218,22.286290532577,22.3763248992042,True
190.811570086894,28.770154712149,23.8013678741648,False
238.031878004797,24.6045439227505,26.1783912019703,True
197.175558683079,28.9216988510088,22.9762160121353,False
177.109255817304,20.1473388896079,31.5477250807675,False
209.835025644784,22.2632186106701,18.8002777052113,True
258.91403309019,18.2313759900776,21.4056767418076,True
233.1584387427,32.1478838767614,23.0747130206203,True
224.436440190504,24.8349549671798,22.4693487903426,True
249.531559902025,27.304634423137,24.0865018009611,True
191.117917323074,31.9223306411516,24.1109905578713,False
196.823130527895,20.0700815189956,18.1739137271298,True
202.989789267532,31.4530060405158,28.4009628204633,False
170.827967464378,21.6328534612585,29.2075944762712,False
247.61857868527,29.3544415432748,19.4737906709657,True
156.821758894632,21.0933725405919,21.8913096761756,True
155.33720304041,20.8986662034405,23.1717361831906,True
174.698285299678,26.9843018255123,30.1319609913658,False
240.715516489332,19.512492753804,32.0258429544167,True
207.762132504844,30.4892260914153,21.3290949246516,True
177.080731260162,32.7858304785499,22.0056620184358,False
199.909822661388,31.9733419958378,20.8692901334117,False
279.347751103038,19.5624804266554,27.2566233287829,True
142.301058109059,32.502493052046,26.2558411258533,False
207.51856474556,18.1820349461315,28.1120062778294,True
212.780736932895,24.7577457226616,25.1697656820387,True
253.882566361633,31.0115040917934,30.1373350066772,True
183.101287690504,20.2566065668392,20.6698175946576,True
216.837212833034,22.6567285757776,28.3980123486361,True
223.905443299518,28.96923103834,31.7229178164727,True
227.268617296251,25.119392721038,32.0772414063463,False
145.477780609148,30.1441880646833,32.0494233505099,False
181.803116640916,19.4883776481675,18.1009057020307,True
208.433885457196,28.8578193191708,21.6780955450042,True
182.321717162766,25.9892372679847,32.9659414775511,False
189.256875426162,29.031110068332,32.3487282466836,False
206.899871447543,24.4510897716745,23.6703662642605,True
201.726349760651,27.6075725739857,32.8703940468237,False
162.393380767849,18.1162607060355,25.7076515754255,True
220.061090365081,26.2127769259795,26.8900163112627,True
263.454638022675,27.1288092518825,31.1437129751517,False
239.288885807287,21.9819289110517,26.2268101038536,True
273.413089808735,24.751292132191,21.5784843161602,True
223.314012691059,24.9693114268451,24.7651747990237,True
206.915664415302,27.0620166384904,24.3695188711255,True
265.759425473287,26.894179253324,30.5198702525906,False
259.944345038358,26.0610031648823,23.7131098982473,True
189.986082860262,31.5428659308436,26.2382343305453,False
185.885289239644,28.6741399134855,31.5564256778715,False
211.289465982136,21.9958635596539,29.2782898853898,True
197.174742341589,25.1585811498382,22.6428642443581,True
185.800637978036,18.8927094218753,24.0927178832203,True
143.144999529768,25.709118513255,25.913890838583,False
276.093612805052,27.5437137454486,23.4872245925885,True
197.021332921936,21.8282848539894,19.135894046694,True
252.408685662043,23.8740567652853,31.1770394571019,True
228.871985193748,29.8748099505318,23.934986607607,False
238.878163229152,30.5488796213404,24.5942000744837,False
219.380431715111,20.4304752901338,23.6159361617714,True
167.3282318317,20.243856162412,32.9663630104467,False
177.83497896876,30.6199964725506,28.7508938111136,False
188.294841166723,31.3639745197091,21.0872086915594,False
260.971499970635,32.3467285830279,26.3269724847409,False
221.914442275611,19.9561107558925,21.6716443503609,True
177.061545540142,21.8758961525168,21.9982287022277,True
278.5764784173,26.0759087032992,24.5056040913358,True
257.129187237997,21.5070424356996,29.9529626690564,True
185.500971090747,28.7860081739659,23.8948093587043,False
179.617391703472,25.8360183480363,31.1410496952669,False
238.124895169458,19.229916446018,20.4914595659317,True
229.232537648283,31.896027020596,24.6015511572368,True
228.409476628718,26.2721712665037,24.9314073780232,True
259.728800179311,23.0205918960369,20.369889056948,True
256.333627578026,27.3289362426516,30.5666201499135,True
245.326049395523,30.8563628172764,22.5876609881351,True
157.257064160545,24.1474804888235,23.2268107003657,False
152.912391681649,23.2538187430491,20.2224387234181,False
143.485557224362,22.956777980531,24.83393127836,False
224.314250519645,21.7670464947666,27.1110083037573,True
207.06686497995,30.7970442910665,25.6376595546667,False
248.310130233089,20.1967823464408,25.5860015640901,True
263.844583725484,24.5540633520829,27.8570453305063,True
191.738700434444,21.8871442893926,31.2100274289074,True
186.18822599118,18.7713933525474,20.9717054301741,True
259.284535236324,28.2957989020719,26.5017366118272,True
146.487614394393,19.8542651631191,24.4277895127553,False
174.553929695186,24.0288865473256,31.0336492336512,False
237.033097425957,22.7478701848294,32.0246525006484,True
266.212901475938,19.8293939050424,28.5230862137503,True
207.131055485053,22.2193265930839,31.0711188274767,True
262.984671687234,21.181847572877,27.9519766215011,True
186.322734973544,27.2648589048837,29.5470087768263,False
182.581914180229,29.3958773908186,30.8748544202535,False
217.804792242965,23.995263695249,29.5760174191445,True
237.751523115556,18.669568965989,20.4261607823084,True
172.329876670768,27.9599067400954,24.4623509633645,False
159.682227298469,21.9501128969482,18.4496080733135,False
142.994084573814,28.0427075871465,18.4087603699457,False
275.205301705378,25.0825499748264,23.628952551926,True
245.245030077754,26.0814848132811,32.1317281914557,False
169.460503873164,24.6715105514375,24.7279482035562,False
210.301491855784,21.3891432142766,32.1056284746647,True
147.898137098131,29.1099998285575,30.175269537687,False
241.642697621902,31.930430158009,25.9070852431036,True
187.383589710753,19.6751765537426,20.3351652558591,True
164.214318014781,23.0451236311556,28.6423585934762,False
208.798864683508,24.9448390775103,21.3276965298353,True
208.057230500531,23.4863938901044,19.9056738270007,True
225.122896938176,25.8068558768401,26.9610966662695,True
205.64624518419,25.5270600908096,25.0890415981827,False
146.257960361549,31.0256234007076,26.2119460837971,False
202.464684938297,29.4765905013665,24.4354504674838,False
247.393858231322,22.6154386781228,20.167630925387,True
235.943626079682,24.2431322742454,19.4167862485241,True
186.410853176569,24.3240884180759,29.5356842109634,False
161.590916887667,23.9742525690115,31.8105587725577,False
177.683023278454,22.2792195520733,26.6137854673964,False
213.392480310701,29.1538461717562,25.1490758690746,False
247.327737047955,22.7688047773059,30.189193904488,True
279.66241619534,18.2199609695095,19.9158717393483,True
232.582813358206,20.590185344494,29.4564891329298,True
211.527772048268,21.7298851105058,23.0060942070587,True
271.148433019942,22.5902286654293,32.2719370286315,True
173.304112829875,22.6687649188883,22.7956196799854,False
145.856424591437,23.1368178590838,18.3834614741539,False
260.663677295979,19.5038578917756,25.0770513834791,True
177.560321845841,21.2556750826797,32.2826921838721,False
246.59903100999,18.3553669342563,26.018088086051,True
232.095323322385,25.8557076970375,28.7759641603455,True
149.555074912289,31.4793406461735,20.9518067850507,False
210.137468301755,24.1616484546855,32.0914180824027,False
228.558366051204,31.8199057052005,24.9036166960856,False
156.927893979907,20.1515048142297,18.1686304040107,True
172.141274601287,29.0539215645073,23.9419701089812,False
181.09565497427,27.6476860435902,30.0941234948552,False
199.181682951367,24.7644404465167,23.9155478286164,True
207.835193764342,24.8062077703915,21.4150991814281,True
275.99731684476,28.0507288868775,22.926305110532,True
176.25019362953,30.0769920093366,18.0246699177775,False
217.984016946509,31.9800211712625,31.7295523163534,False
142.356516589577,29.1204700409996,25.3277130012064,False
168.46959353819,19.481492159181,26.6006605804901,True
250.792035949785,31.9418710088087,31.4088635507081,False
145.901189728594,26.9479024051446,24.9478518757726,False
204.702834097996,21.5132750442779,28.3896197026547,True
206.356220481152,22.7678099292181,27.9075984814705,True
262.260583956847,18.1977358014312,23.388359192474,True
201.396451444084,18.6343359503124,29.247031994279,True
183.81684255964,20.6949439769122,21.7778043880955,True
141.142554469939,24.2223352776944,21.6326836788248,False
204.670099729984,32.0995125561485,23.0939878635546,False
225.605617419633,26.1939086612286,27.1530139810187,False
153.728338756472,21.8006157375875,32.0091767343735,False
152.15873592168,22.2715221570206,19.5119324654862,True
189.678853503279,30.5330198521414,19.5094627726401,False
257.071205543853,19.6209207808696,21.6643486440481,True
216.359040446747,24.6654706567831,22.5812707508827,True
171.314701135883,31.7786318938148,18.007625338625,False
183.935294674679,20.2100413228432,20.4613814346778,True
211.299127000989,19.0126291220135,29.2846833915844,True
242.75527048053,22.4445006313941,23.3820534657603,True
155.908156529026,31.7646777991972,19.9995922977103,False
218.684727530314,21.7488858582214,29.4927175834275,True
211.522190650703,23.5574239327374,25.0680991476719,True
211.246822211541,23.9843198214585,19.2964954116831,True
194.206133593901,22.8459495859435,29.6208878493034,True
182.359236144628,24.5431318695392,32.1008441891059,False
207.400161524955,32.9939091922687,27.5149979738123,False
212.072403119911,19.9220861731666,32.5734946660574,True
242.076557437925,19.8810525871259,20.5287167623307,True
270.202589728964,22.0555687430574,23.8342396029431,True
232.713785773476,27.7642443281432,28.911550992593,True
227.566992914103,23.0003255368212,29.6275937769691,True
221.550232582516,18.2765212279169,23.8671865732722,True
276.171263687392,18.684864828682,28.7032636183795,True
258.079302468374,28.2387616714643,25.9328955118232,True
181.39987582406,20.0694187479417,31.0375959854748,False
254.582877380114,26.2803569283711,26.0770604675995,True
233.657344846827,19.740996726668,19.6196542822847,True
171.849718322907,32.3052680088697,29.7440845592618,False
225.550375769637,31.5912750259001,23.8357122893611,False
217.781332758153,26.9133964497193,27.3777834947118,True
261.526260143857,31.1125699161145,20.7828510863627,True
157.333250491569,25.4480758176409,21.6564939905221,False
221.705872109954,25.9095431523908,18.0212814984942,True
244.96877247699,28.7476266430447,21.2965096404294,True
278.531158491285,24.901453159238,27.2522804412303,True
208.992677856699,32.1203539069371,31.0771252503978,False
196.89778678906,32.4319791600257,18.6812391247047,False
185.874726020673,29.0760945342835,28.9966657757744,False
170.483749662751,19.7663058693364,18.7019154008952,True
211.871756525651,26.8081242650785,22.1826672429138,True
255.966202717259,29.9059000778505,29.2642994202973,False
276.277933873366,25.377374205914,26.9599926648475,True
184.155493632031,24.1871218686863,20.2714589430352,True
163.40553716915,25.8556936852893,32.172930526162,False
273.233771227875,18.0587491994066,22.4987374751357,True
238.814894547134,21.4377684017819,21.6861835367448,True
223.806094761848,26.4947557437675,18.8613385985891,True
164.876181383094,22.5431347608301,20.4896190257229,True
167.150693334244,24.0485923248569,24.9249621065915,False
216.223343851149,22.5194164475051,28.9019370683944,True
156.378080880445,18.2895465378135,31.2743283748973,False
261.621257728721,28.477599804512,31.3142998410921,True
204.831584033012,24.2796159676647,24.4790615166906,True
225.94730509722,27.8874329355953,22.272382440638,True
144.716870153657,19.0222571627341,29.3036421040556,False
253.731430924372,26.3800025998522,27.5805038463234,True
229.731442644136,29.5043951810824,32.6098634854936,False
172.88300468255,24.1923337011562,18.1511162217479,True
193.494088302131,24.098530425736,20.329356638868,True
224.408161865737,19.0840754937772,29.2712458736595,True
270.028785788468,19.4543951076709,20.5449592981231,True
153.055991182595,21.6169453214933,22.3900514461054,False
264.585704125737,18.0846910500362,19.4454036445568,True
233.262537081383,29.2416875112065,28.9779262081617,False
194.074094302055,30.3573704633663,21.8168960687783,False
163.407838793196,19.1740030959127,27.8013431345119,False
239.404265852368,28.7838498129434,20.1125486759062,True
263.487404530629,26.1001677331981,19.001582667698,True
197.309664058178,22.9707895680195,23.0062565784931,False
255.271285732869,20.388553278236,29.8348375972523,True
243.552197554872,32.8002456826159,25.7561019024607,False
200.777202835668,22.5471987475395,19.2168685399074,True
256.3520053664,19.3599919813499,32.3715914801562,True
187.82448771774,20.7456030891024,24.9247453296207,True
246.093014872676,23.6313530521613,25.8366665555335,True
150.778550519971,25.4249920213711,26.806689443908,False
233.572738502907,29.3412774709711,22.25814097247,False
146.518357976581,21.6710523086,19.2506884295729,False
170.115020819993,30.2924886584713,20.9495306862283,False
218.36460770963,28.1753518754502,25.7584114939712,True
141.718751137014,27.9163698916865,21.5143767127368,False
165.351771491278,31.0792663307298,20.9610434328024,False
140.889222491947,26.3189171963925,22.0278171836528,False
158.338331672521,25.5774115382589,25.2829295752025,False
144.004169872033,29.2907265551811,29.8644360601271,False
216.860503990604,32.0556082870139,25.5035523239074,False
218.650346723688,29.9982332931823,29.9286942863505,False
214.90964458087,20.4960361758694,23.4132800784024,True
261.33228737923,26.1338198101771,26.7588619900676,True
152.762040837091,27.8224547318287,27.8614140692453,False
272.717020610681,21.0940841082922,26.4796679268962,True
222.790870006564,25.9909961614716,25.6328003977578,True
171.703205300357,29.046558202266,22.2540136465123,False
184.704153670326,21.9208847465557,22.9095725058157,True
216.383956855342,26.6928860883661,29.2843556871099,False
151.227166415764,25.2592304215111,23.004972436002,False
205.213362148597,19.1311248136364,18.6621560387603,True
243.366157227832,23.6320587874539,23.2846792830549,True
275.694760817892,22.7128275780533,20.2117739670033,True
246.391947626319,18.8433515023642,28.6241076000147,True
230.435090675221,18.8395078619195,27.3391813311443,True
146.715093602759,23.6192105103374,21.3530552305063,False
230.214853058669,25.3945684439477,31.2219900950892,True
153.706076077049,18.2448078083083,31.8952481112886,False
195.87345371762,27.3035408921091,31.5368806093637,False
258.156397192812,22.0353865521193,21.9735773224261,True
176.767431365683,25.3364994150291,25.2608616586127,False
155.098920704377,30.838001531939,24.8752799331561,False
184.927203564405,31.655024882711,25.0913002556615,False
170.99212577147,32.0054819285895,29.5283882811332,False
213.532434177367,22.6988682168065,20.4446743877813,True
278.249716646154,28.9283483964057,32.016902537093,True
278.43253522107,22.4437231470103,28.5081374875773,True
205.360158824064,28.485372483025,27.7917745005301,False
260.750085302047,30.1038263720012,20.5724497612437,True
205.257345757101,18.6998954320792,25.6908316592178,True
142.691749289023,24.6663073593128,25.6957248676083,False
279.369425289039,31.2188582738018,24.4206105663537,True
197.064247437317,26.1130459546638,25.7423818794742,False
221.67701070275,18.1847517863776,32.0814841371409,True
270.05404954313,31.7006167293063,20.3750285396236,True
174.377191958193,26.8112121302687,30.0753468582758,False
151.979920431962,18.6539655922232,32.3242535643858,False
243.180626446,32.450018510432,27.7127518033203,False
153.04521484908,19.9524064296635,27.1103006266571,False
193.731194824786,30.3441822511815,20.0000078096055,False
203.649390583695,32.0880034347475,28.2512070304953,False
159.304462372933,21.8573296991444,27.8746271826674,False
266.262427301268,23.1099457988096,22.2830531412191,True
163.374273350171,31.1999288002029,32.5089401465417,False
154.400211989135,18.5135590818308,27.9511365033459,True
164.676280461567,24.1650409461768,24.0376893058595,False
205.805298847056,21.1647517174318,29.4346099209202,True
274.925584921113,30.3641056089495,30.0251686438104,True
140.120308538955,25.3645577031954,18.9103228458717,False
184.023123683419,31.2500095261494,31.1273649461229,False
176.320884552002,22.0214935336362,28.2112703352288,True
189.58183553516,20.9784211506967,26.703544858705,False
260.508260922743,23.799134313501,29.2100562412339,True
195.514119321254,23.5158401236477,21.3629165326072,True
149.146214234245,29.417369582419,20.855734514471,False
145.982332651495,30.0213645938883,21.6066304955662,False
146.934650348003,31.4362948515621,28.5554144948513,False
252.689700039425,20.7312245558627,29.960909034573,True
230.375386527914,25.6628309617112,31.9169236430511,True
205.958058427068,28.4400442402996,23.0523571926413,True
255.778471490265,24.0128302713916,18.5844322082514,True
251.552352240101,21.2424431239452,21.0466613956013,True
210.828874144158,32.0096139134884,25.0056541645926,False
196.359323587436,29.339487864794,29.1408637283095,False
177.178252580193,25.4118260631393,26.6534429894078,False
253.159155265037,23.713576525782,26.5543801745187,True
152.206771705396,26.062390439707,30.143079152863,False
175.338290704106,27.3556245506534,18.9471845561393,False
179.971346082152,18.6792782692608,23.356233131772,True
258.465680246458,29.7762447552645,30.8131335847141,True
250.735723250888,27.0821489920291,20.5459113635802,True
218.36014045326,19.6668167089423,30.819696139926,True
183.536513356276,24.4064047631837,18.5803847478611,False
218.913677092136,20.2745209221144,20.8372785695071,True
156.289670745046,20.2487453055795,19.9901131684846,True
267.732552451888,26.9422564529545,28.0327279116179,True
275.331103436337,28.43070915408,21.07319674784,True
260.635871226264,27.2524213689624,30.9577537616518,True
171.763382159063,30.7163964545896,27.9172179377252,False
158.546899360859,29.6580792477625,21.9102395688697,False
203.49383704527,28.2713488835242,28.7920242919549,False
169.690010310006,25.5318007345925,21.359802788291,True
145.447298384014,19.7298397360043,20.6585965941933,False
258.426563655225,18.2133290400791,31.758959399424,True
255.347522718528,20.991891176436,22.2622061047061,True
222.940940066679,20.2873379766416,30.8020229948694,True
261.182490280449,18.0801847363264,25.2875904931163,True
247.011152099358,25.5380090146968,28.4014616694308,True
178.835637093911,21.6323793458903,21.4288721850276,True
168.985484069672,23.2851756314212,19.4582616097565,False
185.263348503627,24.6439468514379,18.5797873416821,True
170.980049758675,23.2309354907977,29.4701914840705,False
241.025848752365,32.8110586939431,26.3657157157388,False
145.873376031347,19.8014583139687,28.5470494881957,False
245.712440342508,27.2125769165403,32.4325482423569,True
223.218264739596,32.9330241721743,31.1985177417279,False
222.548199753532,31.3296955601916,20.8727676732804,False
184.343269124787,24.4708766231643,18.6790330566834,True
194.450267876708,32.354984911324,26.267686242828,False
150.209205919043,32.4127563198156,31.4767399930753,False
225.656440772888,21.6140813509068,22.35561777761,True
155.436595257109,32.7719027869272,20.1239835196752,False
271.692989576465,21.8081250217781,29.9354066401419,True
250.874657440407,29.6629541416946,28.4054809456717,True
241.338472404209,29.5688213247661,29.5545459867243,False
169.750801608782,23.7439153272397,32.4775542358298,False
279.66860258005,18.0648173131351,21.3783440819841,True
240.840935996194,18.1219393406631,31.8080170582086,True
171.763949921245,22.9011905816855,27.3584541344822,False
154.082269861401,29.9642371809875,24.9551534494176,False
201.776455148019,32.9104944057346,27.5498224275884,False
177.320766820256,23.7134911840379,31.5115759021191,False
195.517860071509,22.0246800608117,21.1726691723674,True
209.401652295795,22.6164122082369,28.0212807534362,True
190.624200091988,32.9047510278899,22.3250705321902,False
200.852369815508,22.8790903249192,18.8977667269752,True
196.556501154116,30.2043666300384,32.4083632037082,False
219.006364186763,29.4432838845268,22.447283625811,True
202.15546857666,20.8177215498023,29.0059740119642,True
191.403868473789,20.8251661396703,24.9395329765694,True
145.914434383583,29.6361725221556,32.5124903365562,False
238.252451232752,28.4298163486783,32.6817902450831,True
236.454615367788,25.5120807287805,22.1392877228275,True
233.045833098258,22.1565363663978,23.7957823764513,True
254.321202186086,28.2207116341315,20.2550012577581,True
233.829698578375,27.3041929413118,28.361305640713,True
265.56266409604,20.300482679764,22.1252438719968,True
184.160247474983,23.7508131935032,20.0349158449261,False
235.837363086565,26.9456423157573,25.2650016482291,False
263.642178039831,30.6538688189601,29.8863720246062,True
211.871750332355,21.8933745300832,27.1250351602794,True
230.340251508327,19.2938659318229,23.8082152604164,True
255.181837992362,26.6303122335255,23.3161849152838,True
149.459169846708,31.6057180089903,20.1336421264027,False
263.802031094116,25.2879946615025,22.8286149091221,True
212.474692581443,22.4363831493242,19.0470741689424,True
229.111599479388,26.6012834187603,32.0470241634394,True
176.34156696328,32.3295796072714,32.5672971566987,False
248.612161394494,27.7594192716104,28.1005794876723,True
195.437071405089,24.0749027137993,23.8104432401296,True
219.464770247911,19.5165954788758,27.537950278976,True
157.528070173007,28.7690765269888,28.8773025082784,False
226.003856335768,19.4636736928782,28.4603413331603,True
176.545009080574,21.963366634661,18.4983302464235,True
172.975875881024,25.8269203649028,29.3164147414809,False
180.327582070757,25.1163405627554,18.803060287518,True
203.100418794481,23.6454696858513,18.1331311651194,True
140.541194314389,26.9019221202014,25.1171116629229,False
147.052107493883,19.6470716133002,31.2960420093946,False
269.932284862703,22.7827453351499,29.4451435634145,True
197.58050382956,29.8806821931529,23.1624145778652,False
255.20359497294,32.1470286432407,27.0400951816887,False
250.130514320978,22.7398399932961,26.2679942079205,True
141.042301515603,24.1970907874392,29.1444801982234,False
191.489998563887,20.2506280905803,32.6908745796843,True
167.155576584467,26.831001796681,18.5242043642906,True
279.365164758342,19.8647589985583,30.9319078558739,True
263.026900050708,24.9114406648611,27.9102830583743,True
252.290445618467,31.4398108713514,25.414273278515,True
154.944168773919,20.9872705754765,21.0860295393905,True
168.709969729516,25.7203882894108,19.2763367040438,False
201.249948461191,25.23743097728,27.3240698214267,False
167.318555557783,23.4370754633271,28.3969600565717,False
214.323125190252,18.8935537868615,23.4202966393997,True
261.338970726979,19.1380154155837,18.7932190321354,True
184.771054556952,31.0349589688866,27.7751589910012,False
183.623040338803,28.3686707841087,24.9197670239582,False
175.9530189242,25.6655841235377,18.0178945809686,True
166.478488988466,31.8933973591278,21.4807588967871,False
206.240344190151,27.7966786822289,24.5619115515435,False
205.164135100862,31.7379206618005,23.6298485494358,False
248.939096056362,22.527151128057,32.3033881156255,True
176.657329833441,30.8762263352406,20.1261869753367,False
249.093385575848,28.7429360811333,31.3685956794622,True
206.459726349665,18.0169231253755,27.8764960676788,True
264.983588785391,21.2307712399544,21.4561782672332,True
149.561967006681,31.6101536353166,25.29708797871,False
259.985209051513,18.5707809517955,31.3438021425827,True
179.139162338869,18.629062867085,28.7940933228443,False
233.506550757916,20.4108595761521,26.344521703359,True
272.576794369415,26.2982789810273,31.12315713294,True
180.00190393068,18.052675993672,20.1876195432561,True
152.429804127864,26.0370260602967,20.6885396720322,False
269.000183254946,28.0947974203596,22.8814181400842,True
156.449999965937,28.3284718260767,26.2580868053521,False
206.738120246091,30.9448240962554,21.1700760769518,False
274.832596701958,20.3403002681864,30.1393489754476,True
168.707104124458,20.1652372214781,30.9787158397859,True
143.174387693021,21.1831504978161,30.4396554531714,False
161.42397114142,26.9705249522675,24.3932053332185,False
237.439110231325,24.0106052113746,25.4091661709403,True
240.318427635505,20.4122021963877,23.0520611438211,True
146.136748840165,24.493557284816,22.5347754818084,False
268.582050562176,23.66144678074,19.1356933210677,True
153.49821735802,19.4052281837935,30.023184884816,False
170.014052833437,25.1096116058108,31.1233459562638,False
152.618102725883,24.1202742211149,23.3849506147136,False
155.265539575026,22.3411483985098,27.7245590969569,False
208.766083702802,26.1726970049425,28.7562024894898,True
188.302610231704,19.4233499841873,21.5931868099576,True
223.462444331247,31.8183865062047,30.3722032538486,False
260.832535075411,30.1885852735436,28.129037690409,True
258.604188728428,18.2168839099896,23.1323113148717,True
249.018217748505,18.422710329491,28.1008636760995,True
171.86764028476,25.6107432519136,29.3073377759696,False
142.51830371214,27.1322841793915,32.1622690666291,False
157.642673644071,26.2604832892588,22.2734319317497,False
251.647171718835,31.0590911596357,20.8681024107468,True
202.816356729165,23.7395086184794,32.3572587260777,False
277.674704854225,18.9245920301995,25.2663919894334,True
160.894763851955,31.4710639219131,30.3526391374658,False
142.392416644093,29.9587839147815,32.3976003091771,False
196.811164234211,24.7852593338048,23.2419771464737,True
188.985758651507,30.9341477169349,21.772796131099,False
157.800280813966,26.8090473361355,20.1059505744399,False
229.588586860145,25.9040578323901,22.2576857163839,True
182.995130439752,26.5035805047972,28.6599190368596,False
207.814875649202,29.483611372059,21.9227338293208,True
205.569833808378,22.3241901808997,24.9862445755798,True
269.226998281305,26.0021606609235,27.6787341007398,True
211.182193612299,23.59237205451,23.2073802473989,True
260.014931196354,29.4475802245771,27.8195556899624,False
201.770274630641,32.9848746531573,32.45773837597,False
196.949625060404,23.8818768434608,28.4861125422111,True
267.578683359352,19.9393245628752,26.7745627755181,True
275.93414386545,27.6222767301939,31.5930657496644,True
167.664815256216,22.1970593688065,24.5351985797916,False
164.447560116857,22.4842487058995,18.5629626268349,True
168.629571305881,32.3989468758921,29.2823781377088,False
215.995574600993,22.7468756161383,24.0671454859279,True
248.751763025649,26.1529379674014,19.9605367849397,True
259.168278611809,18.5599312975816,28.8799936230667,True
268.540713120504,32.6683787250278,20.1521180901453,True
148.291727913679,26.3605374318364,18.8610260304348,False
229.610634338861,22.4220881277798,30.0532631138588,True
219.743503928065,22.767397700235,30.4144586699151,True
241.893127878147,19.7758408220372,21.6677187209333,True
251.289674058226,26.9888539044135,24.5754553799403,True
163.837324187084,32.338233754662,24.6112911103346,False
171.182327471293,23.8926697102807,25.8289521591873,False
204.735694939613,29.1861373838904,24.33584268919,False
150.450645140582,19.0191174903974,21.9918693383186,False
238.985246344928,26.5574397507857,25.8513643414953,True
182.025705362682,20.5705217279357,26.5701171139116,True
239.024106664129,31.6479216947443,32.9944695574206,False
271.611102871416,28.972770974493,22.7237443084473,True
150.328142088991,25.2648724272218,30.7173475910525,False
211.735123829793,27.5474232684576,32.4766127525254,False
151.650639619516,26.1808288619764,29.8155303931867,False
277.970478636199,27.6196098600606,21.2367997561753,True
263.99862134084,19.2372906628238,30.4202507326474,True
144.186116235417,29.8120307320785,18.0287334434822,False
195.655909532521,31.7837099092005,23.1151395473234,False
220.657501621478,31.6544334206984,31.1954464796909,False
144.078253090418,19.5405171371719,28.1971758786576,False
158.209587344066,27.7338966907626,20.6140809769808,False
263.899651767639,31.5463965211745,23.3483035649864,True
194.244937456327,23.7135549982607,25.1333683571468,True
170.137177300703,20.3101142897783,22.7594320423712,True
172.211913695658,21.7118332012146,32.8568076593135,False
183.452672242863,28.4733422377488,31.3923966802621,False
273.663807499066,28.6401931287908,25.750693283859,True
147.081047588531,21.2887359281484,28.3364906671161,False
272.951890245523,18.1303369110126,21.80852350444,True
176.353141514749,18.0067053968118,24.1696449300133,True
215.971820641296,24.7184341287792,29.8128702146061,False
251.986852508032,20.3772907803661,27.3648946841084,True
196.91943313783,19.471534514088,24.9546066000846,True
196.934390206325,18.588555042906,29.0857799421464,True
214.213861187088,22.9047527648065,18.289820137103,True
190.556321707813,22.2458607369316,18.1528017037328,True
252.948658984596,31.1798413387406,29.9804527410215,True
218.158057405687,26.3255320546802,19.4829278604514,True
195.069290527641,21.5524107299523,27.3004533482252,False
230.45785729329,20.4586363334482,27.9320117523577,True
210.00212348532,22.1733791931408,30.6855843130898,True
258.353352452793,20.9603011454271,30.540810914962,True
192.522381549944,24.5725666478149,26.2704621545367,False
204.518745310846,25.4822809605311,21.4467775786513,True
248.683091573735,26.410568453097,29.7241229101662,True
160.192747525961,19.6756472115757,25.2282934525182,True
232.182174442421,20.3562440589798,32.7105728623972,True
238.068334282408,32.7864866279003,31.1610844415431,False
271.979962099334,21.6518457642067,25.3736457118642,True
152.310031732689,24.6954904709456,21.1927090595442,False
273.966511773861,31.9374723047658,22.4237008967547,True
201.647536950953,22.4602685768438,30.1051353808051,True
234.962501933315,29.3469267200431,27.1975080707099,False
165.561227689293,22.9296618112967,30.277480658273,False
148.400991786458,32.3511331963125,31.5166049741752,False
177.633274103344,22.0730614257385,23.35437252389,True
212.392733838592,20.5926242897253,21.9545338898685,True
259.035696917696,23.5374806469947,20.5023325497761,True
192.142571598358,27.6294209545615,20.6653814165226,True
175.439529696218,18.8081294809506,20.3478576365616,True
175.714405149088,20.1671546866033,23.5319509308468,True
274.20954071647,21.6614365054581,25.62680191669,True
204.346651176152,24.3457525853746,30.2260817802633,False
267.760952100046,26.0231281034756,31.622970068186,True
227.093806586738,31.3763226905727,31.3667863129483,False
186.318303703479,18.260974830138,27.6800080592185,True
214.968217636909,19.2421035795669,19.0995808970647,True
270.685853003844,24.9711088281922,32.0245186765792,True
210.972026358811,21.5296043676928,19.5373359883844,True
197.804949105626,25.4074889381451,26.6973654821968,False
189.59278932288,30.2003156073393,25.3188158764126,False
140.387330632837,24.8245084196443,19.067193467667,False
271.746121464179,20.4514857737587,26.9359914692752,True
277.162791656872,30.3731883719439,20.4200875975285,True
181.245747004284,31.6416137607962,19.7835776888689,False
244.505261250076,18.9465571776715,20.3310274385526,True
175.660018173819,28.7999844806269,28.1678709011375,False
255.957500616069,19.6897013791323,28.3916920932902,True
229.233398255535,30.0498296697856,27.6626097427973,False
173.71015334209,28.5501171809389,29.595855637731,False
177.830548937354,31.599062344804,22.8954195016508,False
166.486746345873,18.2314624563937,25.477936899512,True
222.397663501276,23.4504552718487,19.2074742634816,True
216.662750447478,24.1190041672061,31.8762730191817,True
174.646711775403,21.8901796559292,18.1064951252688,True
234.739213238815,22.8998573282267,29.7409786240854,True
262.481368865111,29.1092439066196,30.3878764698225,False
218.004894674758,29.5995830980128,28.4820591586093,False
177.454476606778,18.2078304068222,32.7025509619632,False
254.378292893236,22.3712056239001,23.8314352765826,True
192.018393814572,26.9277449198662,18.0697070989151,True
184.84338057453,25.472493160736,26.9140669181543,False
237.784801059302,25.6010503003379,18.5695395639956,True
164.483680261524,30.2930373727777,28.2598579927626,False
234.896616551511,31.2545011505738,25.5712299475312,False
179.571294877479,25.3555355204062,29.7108730630534,False
266.594682655574,19.638726304117,18.3662724189303,True
187.573858298163,25.641661473383,26.2581551737423,False
149.011079468304,24.5377702803993,31.5097999793989,False
244.797196232154,20.4823813710745,20.3687500052009,True
183.818875655448,32.7095254038971,27.8547814622777,False
180.406987741779,32.1029507709215,19.9273271048103,False
206.297168715995,25.6111393247783,23.1350653358433,False
210.563770798297,26.1382337273742,30.4406384757909,False
244.966539370346,29.4861800901062,23.7267420299941,True
214.159707927219,28.320506768916,26.6795386549456,False
246.863941255428,31.8847606460959,20.2598815789725,True
250.343658072103,28.8313303188567,30.6359971555118,False
152.754737312326,28.3549514526292,31.4770190964812,False
158.426934386802,25.9673782144521,21.990776910908,False
232.210635893145,18.5864078018751,24.4022379095677,True
253.534937684208,31.0954182371941,31.3126204918663,False
220.297045325999,18.309593815035,23.2658004571059,True
143.357751017137,32.2000914128498,27.0527149541549,False
145.205699831809,30.3166538040697,30.8187018646014,False
153.43931253694,30.225882870716,19.4601530420874,False
256.11543185828,30.7774331382371,20.0819884036118,True
216.332315530783,32.5320299777817,30.3121812065654,False
147.612031310616,22.3357288415244,29.1182724177457,False
279.619737807484,20.6849213441298,20.3487865539961,True
244.546934433536,25.3181634989186,22.1757079931794,True
243.082813649943,18.8361696083267,22.9315723264271,True
153.694051566391,18.7613381141617,29.4215703897279,False
177.584479347609,23.7293887765749,31.3447814352553,False
247.511826682609,28.7881330353153,25.7188699286053,False
197.637337873521,32.5641266389583,27.4030870773844,False
261.117918985485,31.8994476752819,29.4159338951185,False
176.964081394004,23.4629060162524,25.0930087808953,False
210.879106070324,20.5707382255098,29.0731224511159,True
212.2447187138,28.0102445459972,29.9076224471944,False
279.384756041404,30.1921470235997,31.6080666601695,False
183.586045570479,32.5990142783145,18.6103299910251,False
171.285155076201,28.4780329812681,21.3809680647128,False
219.009087541611,26.9564989339358,30.6317138283661,True
279.097669561905,26.9170311572575,28.1093981229278,True
267.457124361516,28.1902469993524,22.4955103516092,True
157.761408108175,26.8890659221863,22.8475812351553,False
167.079047079701,25.2541685203343,26.1642572596503,False
151.965693129211,19.4917717322203,30.1944808527802,False
182.803506042251,29.1997246515005,25.0151023087162,False
189.46741408178,25.9815539684992,28.2643486323135,False
153.848410190012,19.0259095840277,30.1824618182995,False
219.201804371179,29.2231054116148,22.7053737820617,True
261.182927135929,32.0669002542584,19.931720018355,True
199.217364545547,28.609845246938,31.794645994806,False
209.237201730365,21.266698877917,27.717703426591,True
271.996778851374,30.1704551401411,23.9680989878104,True
252.631888302337,31.5056561550618,30.2012080006307,True
275.568039219625,22.0265761800234,27.3655498695399,True
180.599653655942,25.0704041640602,18.0535068498242,True
200.872353557903,32.8043036622947,19.0154506382604,False
276.642857620792,32.2280568644535,26.0407003583576,True
154.446734783448,28.130618419559,29.8715000207869,False
156.390564998794,26.4465491974012,27.7617522346609,False
240.559145109988,21.9533600392534,21.2719870904796,True
140.435009161213,28.5329709362858,23.4791445846107,False
274.988973361901,32.8267459146803,28.6265542635818,False
216.13212567574,28.1310853684,29.4873545973037,True
217.971042253995,20.5757368712573,20.9402220728529,True
238.524951915501,22.4773826419736,31.8199640502315,True
149.122843541728,31.1132827480851,24.062709384627,False
173.741238142243,30.6700634102663,26.2255556193299,False
264.345968973053,23.0219438062152,27.1033680732843,True
159.200289975479,20.7829397599133,21.2296245816302,True
146.388360842312,21.0723200147377,27.0290510882759,False
181.270209607328,29.915630189197,20.1058559357682,False
180.031118616476,30.9146127695751,24.3622382592234,False
196.150219298969,27.6450825895393,19.5728239745706,True
232.14553171403,19.7407830160767,18.6244307759332,True
216.985049395349,32.6970080652726,28.5727747853719,False
171.620092583643,18.0871671410683,18.5810022426681,True
189.333332110817,21.6103069868918,19.9784123040635,True
200.657025203415,26.7837226031272,22.7395561890395,False
153.628562946631,20.2075113571284,18.908435464794,True
143.428286781268,31.2803364183196,22.1112706037756,False
193.12998911046,20.8978966958345,27.5005443037956,True
213.15861477198,18.2962819837482,24.0059960307581,True
152.716092259025,25.3013497713494,20.3897138225798,False
215.999114232137,29.0241057379284,28.8474786979367,False
219.74421680893,27.9546435125892,24.4166309784244,False
189.010442127013,21.167870483905,24.5714675777459,True
157.947649619518,23.2879652615115,24.0858720406358,False
271.234858497621,27.9497016612206,24.4036025951633,True
278.032299977742,31.6532593256111,29.0449327556626,False
142.410432418068,26.9729419858069,25.149616711377,False
258.09901259751,26.9302419796261,29.9781407397139,True
214.382032944999,23.0325173954631,22.1685226485918,True
224.753281411134,28.5381845010157,31.1681499947645,False
271.582235140531,26.3350246159057,19.2514173897223,True
268.480583004877,30.3551253147214,24.2396734749152,True
165.859510603295,22.0866564885185,23.1756986929922,True
250.741424081261,28.6106261120227,25.4900316714728,True
256.814494373656,23.2318420285507,20.1405432127139,True
145.419114066949,32.6849509769515,31.8616031798821,False
203.204117958995,26.2338772426517,29.637597138359,False
146.344457094718,30.4042696633396,23.3751044559177,False
207.670111678387,32.1493293569187,26.4453999756116,False
146.580825311402,31.8126504485554,26.4385676558309,False
164.575014936074,28.0777660985839,31.4953715878052,False
189.524511634151,20.0378239811574,19.272902275097,True
255.793431362041,18.0912638381549,18.4259022001298,True
149.858136507616,29.8581282169829,27.5814587267029,False
220.890619466496,22.8039480227995,22.5387171905202,True
227.179672125345,29.4433170139991,22.5510666396241,True
226.528814568431,23.4510981149278,26.8031862833552,True
218.476680404729,30.5027090322705,26.3937428441801,False
156.62552974961,32.1735374038916,31.0283462060747,False
165.978326623318,21.5926277370158,19.298244700906,True
153.066314818834,24.512829899561,29.8256245096333,False
178.853417131516,26.8914317143575,29.5661785316496,False
210.822496614802,24.795849959271,30.3434224176888,True
165.462558784272,26.100091646472,25.3192068782259,False
243.47450899122,22.1777751590953,20.2946805238233,True
239.710232494264,22.1748788692871,26.1963202674856,True
198.785974354849,31.6650066187908,19.2068772414731,False
160.213875984873,28.8439194624517,26.2087247647386,False
254.769873104417,22.2975687325455,20.8600363167282,True
237.346552348391,18.0632525096011,21.4226001954743,True
270.38841166086,29.229949193648,30.8523217550723,True
207.74832986656,20.481556165722,19.9405339318051,True
256.649779387121,25.521866328326,25.7448021260764,True
253.08171039125,24.7367324171293,26.6764174507355,True
151.023516399331,23.4871601846475,28.3498490528901,False
277.742714862219,27.7716898470054,30.3477039147856,True
149.740585875577,27.9341817712105,20.3393117344656,False
204.281802682337,31.9806379116981,27.7223047910828,False
153.34195876184,25.2936432749469,20.0556809203959,False
275.079609563146,30.225909790595,23.8360711395909,True
273.931958924016,22.5549823644361,29.7324043841718,True
271.500749891391,32.9736586538952,32.2492088136492,True
256.088475117501,31.835044484043,27.4451141773933,False
208.725133570249,24.8483465871999,18.9557004580068,True
205.811723641032,32.7279215439818,18.747191494213,True
219.199842465669,31.2285946226812,32.9224407970544,False
208.635966288222,27.2296145945925,25.9416060414825,True
277.150738526672,21.28366463924,27.2064049719863,True
147.867631142897,24.022294620528,23.3530947516454,False
253.203245398217,26.8160425861441,20.5743268954448,True
214.249384428491,23.9298722357163,22.905884335705,True
166.478675960786,29.3197367271966,30.4837977264467,False
164.186197325674,30.1244005705809,27.5953533028231,False
148.616629675318,24.1109957476663,28.1992038591761,False
176.359937124122,24.465627777607,32.0907638050107,False
247.799840330984,24.3008355448492,23.2137793834385,True
224.708103865715,25.403870233057,21.5029144810992,True
215.821836309425,24.242049171702,19.3887648547016,True
248.058186857057,18.1793574798756,28.6396873996778,True
242.911019140347,28.5753231493641,19.0253698662973,True
169.145068660912,31.6146761191146,26.5865177184281,False
256.274267908313,24.4105498657611,28.8236014427727,True
238.121491204072,31.0852568350198,23.3419925087793,True
190.047888490394,25.7927818581428,18.3212166159978,False
157.040755179264,31.6251571791364,28.2466936340773,False
233.590159524973,19.542153096079,28.2651351481979,True
152.849615008035,27.3702469972755,23.8402012525314,False
266.856836949874,31.1035905718354,25.6992565475866,True
270.057094362591,29.7888943393663,22.9192860349637,True
254.2698211755,30.4766522797182,19.9157187626305,True
234.310729137767,30.9529022462447,31.4065096957639,False
152.471710896339,24.1933513340509,18.8121213413831,False
150.095110167794,27.9326225695818,30.33154043431,False
148.017396884047,22.5075652466656,27.1115134950315,False
220.690718740546,24.4231620945144,22.2991337456271,True
250.721537084655,22.3537138981529,21.7463051121432,True
181.225614753191,28.7606120411123,25.757622274923,False
245.793942867682,30.3361395077483,19.8586777322268,True
279.792812829741,18.3196024849636,25.2235000446548,True
243.379235380971,18.6122149762754,25.4051890696423,True
244.360010290686,28.315638105532,21.1114688250755,True
154.925240890554,31.5282331116163,27.6884354761282,False
237.337888841209,32.315810054222,28.1196578378415,True
278.356006303037,20.8588135297684,24.7852292078478,True
259.900971436827,18.0955301290823,22.9924659100326,True
229.852446396766,28.8963833450789,20.0378413107422,True
172.844233742377,32.8715558274982,20.0502587091412,False
216.442136083004,25.8599729751516,22.0427074320813,True
211.674621399341,25.3590568417493,21.9943093522425,True
183.18409374132,20.4372318025852,23.3838698032237,True
238.028043051263,22.3924053848686,25.7551828267775,True
247.817932445471,30.2641719282904,27.518291824273,True
215.346753595093,18.7216774698913,22.4810264368919,True
196.596181139628,24.0122003434283,20.4947068199956,True
156.658823143998,23.892341761334,29.9470807104125,False
150.534621658984,23.0883400114665,31.8609284855709,False
236.573434386669,19.9767729015913,25.1844765717091,True
146.631422511596,20.3458038677209,31.4314288703871,False
216.458750412082,22.1649199599237,25.8587661976268,True
278.522744476107,25.7197710809856,27.1657361454171,True
277.255700080309,26.4953760744517,20.668627078025,True
194.575789279573,29.5618402960533,32.6822696061257,False
232.304633163058,24.7207015453469,32.5199389078282,True
239.55157807076,31.0416859490991,19.9869478754638,True
267.722729559859,27.1536636064545,32.9410675302805,True
155.376580727928,28.8676102202701,20.7081874537786,False
247.495879469205,23.3003864527216,32.2159551704377,True
240.150003843079,18.7536746658169,30.1964589958994,True
230.428591366126,23.3020333290575,26.1226689941821,True
256.756785771231,27.5866323726189,23.0247778045129,True
195.999970611185,25.8075378913467,18.7940035293782,True
222.292577103848,24.9572097048896,23.5308799680932,True
238.251709341189,28.6419007250303,25.5149204826518,True
164.295478278909,30.8798850778862,29.46250688539,False
232.517922880369,23.8029777304283,20.0357117834667,True
276.75707612967,25.0184406251732,29.8019118401231,True
217.24881492427,31.9833428636116,21.9518208773582,True
173.17286360691,24.3049440953438,24.1331300209896,False
228.21992033544,25.5010085001127,24.3735509018291,True
166.133394085864,22.1000820342917,22.3394853800253,False
247.96511421351,19.3176478568081,18.7577256186668,True
210.326193715598,26.3698072998644,23.8648497266066,False
226.132105265806,24.1263123695395,27.256075431712,True
275.081730929707,21.0254505984604,20.4186670255934,True
172.378038536933,20.0152591015283,18.319396248236,True
269.517846633456,27.495368192203,26.9205529326203,True
190.27517212102,32.2498408370883,22.9002074053978,False
151.852395074373,24.0314038493817,25.4722881393844,False
245.803715561425,25.8157081863916,32.1147942045307,True
266.281163583641,25.2063572505519,26.3187465338589,True
219.046794538874,32.9223749641899,23.5688355446648,False
151.644433742223,21.6042865103131,20.8558793118484,False
159.575876947295,20.8551003606315,26.116487361545,False
169.415271435592,32.2927828427836,18.1308581815711,False
183.871990201935,26.5915868978908,20.6939965354716,True
180.774822468299,28.8842141348329,28.5699914556788,False
144.20357911112,19.4367940399967,23.4778305047554,False
185.041158434488,28.0743778189991,19.6097331194252,False
242.506779116814,27.9103727936327,18.0849412847706,True
263.019551086714,31.0694051194328,21.5241035341863,True
212.939461959963,29.9190856217961,29.0361433383246,False
148.394377086495,23.4020057061696,30.0157904466688,False
234.614289195563,27.4703895409919,24.5693677363775,True
246.415005394451,21.4548201474616,25.6630927355322,True
154.135635008167,30.3968037415281,29.5473955597484,False
216.500348950038,24.56401631728,23.3246184719375,True
174.515313196236,20.5822362758137,21.9489001892269,True
183.587277188705,25.6458773681176,21.4922722370793,True
144.656830720909,20.4607603985168,27.1824203586124,False
217.040810956173,30.1431062962595,18.0439241482149,True
235.992070816454,22.4047909529902,30.0639938568063,True
171.921155309268,18.9802533993406,31.2942752718433,False
144.775647262472,24.9595526773294,23.2045564750231,False
211.425774475292,20.719191586468,32.6516692753191,False
196.377326648858,26.5286333218816,28.0903722574424,False
200.122728068439,21.3456214672633,26.1246326924882,False
223.327930198669,28.3958132795039,26.5384479577367,False
202.166597015302,27.6355585333125,20.2464685362049,False
215.168661547438,20.1459925813349,19.7622186926949,True
171.100299363537,18.0037138187344,27.0909330239943,True
176.726559333842,32.9370982870167,22.9239720985871,False
168.158384304567,18.2543637437068,21.1000908944291,True
249.830029006037,23.8987369229546,26.1383736911874,True
245.348273676517,24.9407223895847,26.3442709587255,True
207.353232841638,18.963883011585,21.2386651766667,True
226.084598128723,28.0586609402945,23.5969099889495,True
147.038984618634,20.2825120749336,30.2856840548505,False
209.561016014573,23.9862063573609,32.6731437042696,True
189.285377622249,21.7004168046175,19.9458672459917,True
246.053336647364,29.7992903160859,18.6614394139785,True
278.40969806463,31.7955503253245,18.9957505604232,True
224.359478850085,29.2023085896868,23.2488265094575,True
264.401720494219,25.6062372036307,26.0074086124112,True
177.760173416585,25.3130789037389,19.4859118529064,True
204.616974426721,23.3655173118997,28.5757276669963,False
233.735802226577,19.7807685638688,30.8142824851974,True
156.595568152422,29.5927825875547,31.9033033786823,False
275.449962027115,32.3506970020713,27.7497818990377,False
223.902218548535,18.3576979694691,18.8200873904024,True
169.745922335305,30.9067662115706,26.8626862777689,False
168.7743914727,23.9596949075161,21.4405417500253,False
165.739982289141,32.3853630867719,21.6880192433894,False
173.186491333501,26.7202609790118,32.9466724320998,False
166.635610799601,19.122890068741,19.0072717797045,True
174.018433147119,30.1006209436341,32.8364700609057,False
251.799453372042,24.9130120272343,20.2490024134745,True
209.492569868217,21.1425219393068,29.0596385952363,True
143.776018593356,24.7767810177881,23.5799207443278,False
219.964825892805,26.2863617727004,31.5168470575087,True
278.8794321841,30.9389482564009,29.3950097660511,True
153.595844681187,25.5720981799867,21.7626468896692,False
233.118313165902,19.4735823876567,19.5261062637559,True
169.091949420558,22.7972253522823,19.6509919621288,True
197.828998322519,24.3717362128067,27.8570672002887,False
201.554946602115,31.9598067379369,24.8690877602757,False
214.232346152064,28.4605302333182,29.460550192958,False
195.438734924159,21.1766815335381,22.2904094207522,True
165.436165046616,24.4080052177459,29.2898096168832,False
166.318920304216,18.344938296054,26.2899997771205,True
249.163027093356,30.1324219820706,29.8425333648187,False
238.2734669085,19.1505407938503,32.875869615877,True
174.174833211198,32.2649103255313,23.0677796290572,False
218.52417893639,26.6888134613115,31.7096721882511,False
243.808678921223,32.3525579522143,22.7730342018292,True
271.180054746186,27.3194256044549,30.5296105200097,True
179.950645286567,23.624250877008,30.0396564211881,False
182.347815252071,26.7509021366718,29.6652197421832,False
245.893467294934,25.3895072761874,21.3570069486075,True
229.971572733471,29.1308676312356,31.4164769381361,False
249.18876134287,25.902315576981,32.8402915102617,True
168.521564997976,24.0980604594099,22.0133472946535,False
266.934164020668,21.7019844579985,22.0073129809496,True
238.105126171422,21.3487623410061,31.5299856139021,True
185.226875471523,26.6926285474061,28.0727631710809,False
219.116883603445,23.1514075045248,29.6284991203009,True
268.601928301436,20.0457857065116,32.1616961565622,True
266.825966307347,26.0357799157667,21.5887276165135,True
153.699880239414,23.5300702902163,28.5027058536665,False
